<?xml version="1.0" encoding="UTF-8"?>
<beans xmlns="http://www.springframework.org/schema/beans"
	xmlns:xsi="http://www.w3.org/2001/XMLSchema-instance" 
	xmlns:aop="http://www.springframework.org/schema/aop"	
	xmlns:context="http://www.springframework.org/schema/context"
	xmlns:util="http://www.springframework.org/schema/util"
	 xmlns:p="http://www.springframework.org/schema/p"
	 xmlns:tx="http://www.springframework.org/schema/tx"
	 xmlns:mvc="http://www.springframework.org/schema/mvc"
	xsi:schemaLocation="http://www.springframework.org/schema/beans 
	http://www.springframework.org/schema/beans/spring-beans-4.0.xsd
	 http://www.springframework.org/schema/context
     http://www.springframework.org/schema/context/spring-context-3.0.xsd
     http://www.springframework.org/schema/util 
     http://www.springframework.org/schema/util/spring-util-3.0.xsd
  http://www.springframework.org/schema/aop 
http://www.springframework.org/schema/aop/spring-aop.xsd
http://www.springframework.org/schema/mvc 
	http://www.springframework.org/schema/mvc/spring-mvc-3.2.xsd
	http://www.springframework.org/schema/tx 
		http://www.springframework.org/schema/tx/spring-tx-3.2.xsd">
	
	<bean id="Employee1" class="com.cg.bean.Employee" scope="singleton">
		<property name="age" value="30"></property>
		<property name="employeeId" value="12345"></property>
		<property name="employeeName" value="Harreit"></property>
		<property name="salary" value="40000.0"></property>	
	</bean>
	
	<bean id="Employee2" class="com.cg.bean.Employee" scope="singleton">
		<property name="age" value="40"></property>
		<property name="employeeId" value="12346"></property>
		<property name="employeeName" value="Devi"></property>
		<property name="salary" value="50000.0"></property>	
	</bean>
	
	<bean id="SBUObj" class="com.cg.bean.SBU">
		<property name="sbuId" value="111"></property>
		<property name="sbuName" value="Product Engineering Services"></property>
		<property name="sbuHead" value="Kiran Rao"></property>
		<property name="empList">
			<list>
				<ref bean="Employee1"/>
				<ref bean="Employee2"/>
			</list>
		</property>
		
	</bean>
</beans>