<?xml version="1.0" encoding="UTF-8"?>
<beans xmlns="http://www.springframework.org/schema/beans"
	xmlns:xsi="http://www.w3.org/2001/XMLSchema-instance"
	xmlns:aop="http://www.springframework.org/schema/aop"
	xmlns:context="http://www.springframework.org/schema/context"
	xmlns:util="http://www.springframework.org/schema/util"
	xmlns:p="http://www.springframework.org/schema/p"
	xmlns:tx="http://www.springframework.org/schema/tx"
	xmlns:mvc="http://www.springframework.org/schema/mvc"
	xsi:schemaLocation="http://www.springframework.org/schema/beans 
	http://www.springframework.org/schema/beans/spring-beans-4.0.xsd
	 http://www.springframework.org/schema/context
     http://www.springframework.org/schema/context/spring-context-3.0.xsd
     http://www.springframework.org/schema/util 
     http://www.springframework.org/schema/util/spring-util-3.0.xsd
  http://www.springframework.org/schema/aop 
http://www.springframework.org/schema/aop/spring-aop.xsd
http://www.springframework.org/schema/mvc 
	http://www.springframework.org/schema/mvc/spring-mvc-3.2.xsd
	http://www.springframework.org/schema/tx 
		http://www.springframework.org/schema/tx/spring-tx-3.2.xsd">
	
	<bean id="deviHomeAddress" class="com.cg.bean.Address">
		<property name="state" value="Maharashtra"></property>
		<property name="city" value="Pune"></property>
		<property name="zipcode" value="411021"></property>
	</bean>
	
	<bean id="deviOfficialAddress" class="com.cg.bean.Address">
		<property name="state" value="Andhra Pradesh"></property>
		<property name="city" value="Bhimavaram"></property>
		<property name="zipcode" value="534208"></property>
	</bean>
	
	<bean id="suryaHomeAddress" class="com.cg.bean.Address">
		<property name="state" value="Maharashtra"></property>
		<property name="city" value="Pune"></property>
		<property name="zipcode" value="411021"></property>
	</bean>
	
	<bean id="suryaOfficialAddress" class="com.cg.bean.Address">
		<property name="state" value="Andhra Pradesh"></property>
		<property name="city" value="Komarada"></property>
		<property name="zipcode" value="534208"></property>
	</bean>
	
	<bean id="deviObject" class="com.cg.bean.Employee">
		<property name="empId" value="168360"></property>
		<property name="empName" value="Devi Ratnala"></property>
		<property name="empSal" value="20000"></property>
		<property name="empAdd" ref="deviHomeAddress"></property>
	</bean>
	
	<bean id="suryaObject" class="com.cg.bean.Emp">
		<property name="empId" value="168360"></property>
		<property name="empName" value="Surya Ratnala"></property>
		<property name="empSal" value="45000"></property>
		<property name="empAdd">
			<list>
				<ref bean="suryaHomeAddress"/>
				<ref bean="suryaOfficialAddress"/>
			</list>
		</property>
	</bean>

</beans>
